[{
    "model": "auth.user",
    "pk": 2,
    "fields": {
        "password": "pbkdf2_sha256$260000$IVMYMiRfYwHmeeOqifZBb7$+drycSkNa2sxpB1HcDmFy5v7lXENkrnrOcNFXNTT5dY=",
        "last_login": "2022-03-15T14:04:59.197Z",
        "is_superuser": true,
        "username": "jdvt29",
        "first_name": "James",
        "last_name": "Vansittart-Tanner",
        "email": "jdvtanner@gmail.com",
        "is_staff": true,
        "is_active": true,
        "date_joined": "2022-02-18T13:23:04Z",
        "groups": [],
        "user_permissions": []
    }
}, {
    "model": "auth.user",
    "pk": 3,
    "fields": {
        "password": "pbkdf2_sha256$260000$7uSuEvWCHtvESyzMkKCo0R$PoW/Z37wpHfqyKRtk6C6WgHoFf+eOEjOqbQLIj4sgnw=",
        "last_login": "2022-03-06T09:27:42.972Z",
        "is_superuser": false,
        "username": "testytest",
        "first_name": "",
        "last_name": "",
        "email": "test@test.com",
        "is_staff": false,
        "is_active": true,
        "date_joined": "2022-02-18T16:27:24.364Z",
        "groups": [],
        "user_permissions": []
    }
}, {
    "model": "auth.user",
    "pk": 4,
    "fields": {
        "password": "pbkdf2_sha256$260000$uzIl9dWtS0rYjPUDOFFcfM$cj41vV2/H9UwYbt6BIfqaal8I4+KkC9SUUhib8fIM5o=",
        "last_login": "2022-03-15T13:53:05.210Z",
        "is_superuser": false,
        "username": "Nosir",
        "first_name": "",
        "last_name": "",
        "email": "no@nope.no",
        "is_staff": false,
        "is_active": true,
        "date_joined": "2022-03-06T17:44:06.906Z",
        "groups": [],
        "user_permissions": []
    }
}, {
    "model": "sessions.session",
    "pk": "4we5fpg3q0iaqsguv9s1bcpbnd8unp4j",
    "fields": {
        "session_data": "e30:1nL2ab:8G_urb--WhUDinxvdMyMWSFZm611sDFrixSSAtq-cnk",
        "expire_date": "2022-03-04T12:42:21.779Z"
    }
}, {
    "model": "sessions.session",
    "pk": "71e7ffjgo7vyji8usn1chq3bh0383fxp",
    "fields": {
        "session_data": ".eJxVjMEOwiAQRP-Fc0Mogdb26N1vILvsYlEDBlqjMf67bdKDXuYw8-a9hYNlntxSubhIYhRaNL8dgr9y2ga6QDpn6XOaS0S5IXJfqzxl4ttxZ_8EE9RpfXchEBsKQFb1iLwm6KDAgAZjkQatzWC7obVw8Na2GHrlvUKrULOidpNWrjXm5Ph5j-UlRtWICg92MYUsxrks_PkCLRhF1A:1nTv5I:cuuls8_uJ1dLn55aXRCM3DblJXos9XNBd1znQ2RlDg8",
        "expire_date": "2022-03-29T00:30:44.065Z"
    }
}, {
    "model": "sessions.session",
    "pk": "8d6l8ttjmoxjw137fmt5chbuokbga2tw",
    "fields": {
        "session_data": ".eJxVjMEKwjAQRP8lZwlpyLa2R-9-Q9jNbmxUEmlaUMR_t4Ue9DKHmTfvrTwu8-iXKpNPrAZl1eG3Iww3ydvAV8yXokPJ85RIb4je16rPheV-2tk_wYh1XN9tjCyOIzKYjkjWRBsNOrTogLi31vXQ9g3gMQA0FDsTgiEwZMVws0mr1JpK9vJ8pOmlBvP5Ar_MP7A:1nU7nX:o3R1biHJovnQhbxiR5dYVo-dqkp8Xxopkl1j0TkXCUE",
        "expire_date": "2022-03-29T14:05:15.505Z"
    }
}, {
    "model": "sessions.session",
    "pk": "9b6h0l8alwpe8614bi9xewjwtk3cm63f",
    "fields": {
        "session_data": "e30:1nKMhT:ez3KuCPCdb-OGOl3-0_8O01X2lb7ilTLO_-maX8M8G8",
        "expire_date": "2022-03-02T15:58:39.610Z"
    }
}, {
    "model": "sessions.session",
    "pk": "d8e73yqtl486e9kj8xsfatk08i6gr1di",
    "fields": {
        "session_data": ".eJxVjMEKwjAQRP8lZwlpyLa2R-9-Q9jNbmxUEmlaUMR_t4Ue9DKHmTfvrTwu8-iXKpNPrAZl1eG3Iww3ydvAV8yXokPJ85RIb4je16rPheV-2tk_wYh1XN9tjCyOIzKYjkjWRBsNOrTogLi31vXQ9g3gMQA0FDsTgiEwZMVws0mr1JpK9vJ8pOmlBvP5Ar_MP7A:1nTPjQ:b6JkhZOjB_CLFDHnIhEE7ZuOYeQLs3Y0gyv42jjODsc",
        "expire_date": "2022-03-27T15:02:04.446Z"
    }
}, {
    "model": "sessions.session",
    "pk": "eqkgtvfy4emncuksmnsivg0gf2v11mnx",
    "fields": {
        "session_data": ".eJxVjMEKwjAQRP8lZwlpyLa2R-9-Q9jNbmxUEmlaUMR_t4Ue9DKHmTfvrTwu8-iXKpNPrAZl1eG3Iww3ydvAV8yXokPJ85RIb4je16rPheV-2tk_wYh1XN9tjCyOIzKYjkjWRBsNOrTogLi31vXQ9g3gMQA0FDsTgiEwZMVws0mr1JpK9vJ8pOmlBvP5Ar_MP7A:1nQnF1:30wE6k-1SqKgEjFmSu-BYcqm9DQLQyaY-6G7cm9z_Ds",
        "expire_date": "2022-03-20T09:31:51.822Z"
    }
}, {
    "model": "sessions.session",
    "pk": "fqbts71oqo95pziqvc78dh27te0pmjdf",
    "fields": {
        "session_data": "e30:1nKMsn:AGOdDDzbJAYwcoeNa182JxEiey7LnJ9EMTvOaseRHnU",
        "expire_date": "2022-03-02T16:10:21.958Z"
    }
}, {
    "model": "sessions.session",
    "pk": "fs7gcizex2x662760z5qxg61rz2axmrb",
    "fields": {
        "session_data": "e30:1nKMmc:Vb93Bg1oWzK69SdefGNUDNJ_W4GF9CiKJzpvGVRv-TY",
        "expire_date": "2022-03-02T16:03:58.920Z"
    }
}, {
    "model": "sessions.session",
    "pk": "g6tfhyahr0kmdb16dsmigcq07zpkv7o2",
    "fields": {
        "session_data": ".eJxVjMEKwjAQRP8lZwlpyLa2R-9-Q9jNbmxUEmlaUMR_t4Ue9DKHmTfvrTwu8-iXKpNPrAZl1eG3Iww3ydvAV8yXokPJ85RIb4je16rPheV-2tk_wYh1XN9tjCyOIzKYjkjWRBsNOrTogLi31vXQ9g3gMQA0FDsTgiEwZMVws0mr1JpK9vJ8pOmlBvP5Ar_MP7A:1nQc0V:845yVAhUxFUo8qJcVIrzKQRQ5M-lcs7lMbcfUUCspyM",
        "expire_date": "2022-03-19T21:32:07.504Z"
    }
}, {
    "model": "sessions.session",
    "pk": "gojjci98yjab977st6j7icy9wuxkwl7f",
    "fields": {
        "session_data": ".eJxVjEEOwiAQRe_C2hAKtJQu3XsGMsNMLWrAlDbRGO-uTbrQ7X_vv5cIsC5TWCvPIZEYhBWH3w0hXjlvgC6Qz0XGkpc5odwUudMqT4X4dtzdv8AEdfq-jSL2ZCNrot71rQXQhMph46PXzpiuQTVGAzhqHMG6VjWd08ym9R612qKVa00lB37c0_wUg3p_AJ_vPzU:1nRhss:HXuN8Tt9C-mB5Ditaw6TItfvW08LXX1V4YfmbUkwZuc",
        "expire_date": "2022-03-22T22:00:46.005Z"
    }
}, {
    "model": "sessions.session",
    "pk": "gw9lq370q1bltvsclmjrap1vk8d6r4cs",
    "fields": {
        "session_data": ".eJxVjEEOwiAQRe_C2hAsnQBduvcMZJgBixowpU00xrsbki50-9_77y08buvstxYXn1lMQovD7xaQbrF0wFcslyqplnXJQXZF7rTJc-V4P-3uX2DGNve3DckYe4yKlA1OE6NTARxbw24crLIQEigNGME4GIweElFiQgSyaHq0xdZyLT4-H3l5iUl9vpnZP4c:1nLnSI:1B03mV2sAduv7zmV4UYqxNaJKH11_kvrkzN9SCDZDrE",
        "expire_date": "2022-03-06T14:44:54.377Z"
    }
}, {
    "model": "sessions.session",
    "pk": "ikhh92uo4lo2trrv5vm50f1xtsx7tyv0",
    "fields": {
        "session_data": ".eJxVjEEOwiAQRe_C2hCmRWBcuu8ZyDADUjVtUtqV8e7apAvd_vfef6lI21rj1vISR1EXBer0uyXiR552IHeabrPmeVqXMeld0QdtepglP6-H-3dQqdVvXQQTihjD0KHtz-wpEPaFMRgsPnTWgVjIxE7QgGMLoc8s4DmJB6feH-bhN90:1nD2Qm:BpYXILe2TuPYDWPeqFkKidO_ECZQgYueoj3WcJIPTto",
        "expire_date": "2022-02-10T10:55:08.978Z"
    }
}, {
    "model": "sessions.session",
    "pk": "irhiyjtnkbtea8e9k2609wkremuc407j",
    "fields": {
        "session_data": ".eJxVjEEOwiAQRe_C2hCmRWBcuu8ZyDADUjVtUtqV8e7apAvd_vfef6lI21rj1vISR1EXBer0uyXiR552IHeabrPmeVqXMeld0QdtepglP6-H-3dQqdVvXQQTihjD0KHtz-wpEPaFMRgsPnTWgVjIxE7QgGMLoc8s4DmJB6feH-bhN90:1nGT5q:eaDd_mUxa4NX9hiEDBysOlMlVXer5iAJrK4ZSEHianY",
        "expire_date": "2022-02-19T21:59:42.472Z"
    }
}, {
    "model": "sessions.session",
    "pk": "jvteuyf82q6samgwlpgru3bngshyswym",
    "fields": {
        "session_data": ".eJxVjEEOwiAQRe_C2hCmRWBcuu8ZyDADUjVtUtqV8e7apAvd_vfef6lI21rj1vISR1EXBer0uyXiR552IHeabrPmeVqXMeld0QdtepglP6-H-3dQqdVvXQQTihjD0KHtz-wpEPaFMRgsPnTWgVjIxE7QgGMLoc8s4DmJB6feH-bhN90:1nL2ms:ZqLiasqVbWqCXN88htCkSD_fGtcvBnfy82werupuEew",
        "expire_date": "2022-03-04T12:55:02.620Z"
    }
}, {
    "model": "sessions.session",
    "pk": "k8wtx6iqe0ls4gbmco8oobpexyz8xa3w",
    "fields": {
        "session_data": ".eJxVjMEOgjAQRP-lZ0NK04Jw9O43NLvdrVRJa1gwGuO_CwkXLnOYefO-SuDFPuVYVB9hFD4pD8s8-EV48olUr4w6dAjhwXkb6A75VqpQ8jwlrDak2leproV4vOzsQTCADOu7iZHYUgRyukXkNcFEDRYMWIfUGWM713S1g3NwrsbY6hA0Oo2GNdWbVFgklez5_UzTR_X69wfNAkYf:1nSm8D:s6FvYqun9mdYoumyKX9_uJCRAg-Ccf5p53wRXLKXSf8",
        "expire_date": "2022-03-25T20:45:01.934Z"
    }
}, {
    "model": "sessions.session",
    "pk": "k9wtmh8d7vpl8gm55vtow4allii7m1c8",
    "fields": {
        "session_data": "e30:1nKMrY:D5EvHb-1bjEjqSk8mKbGTKmL3Gb-YSLwMUsNghY3Keo",
        "expire_date": "2022-03-02T16:09:04.499Z"
    }
}, {
    "model": "sessions.session",
    "pk": "khzimferq65vthwypu6nslq74geav093",
    "fields": {
        "session_data": ".eJxVjMEOwiAQRP-FsyFA2FY8evcbyC67SNVAUtqT8d9tkx70Mod5b-atIq5LiWuXOU6sLsqp029HmJ5Sd8APrPemU6vLPJHeFX3Qrm-N5XU93L-Dgr1s6yFnFs8ZGcxIJFuiywY9OvRAHJzzAYZgAc8JwFIeTUqGwJATw1Z9vgyJOHM:1nMvVK:Q2OJ-T8pVof7pDqsIs5oVQC943OcXVSC8-j447kdjIw",
        "expire_date": "2022-03-09T17:32:42.947Z"
    }
}, {
    "model": "sessions.session",
    "pk": "l2cbt7vyx8kjl0ms7a2tzmo1wqab61oz",
    "fields": {
        "session_data": ".eJxVjMsOwiAQRf-FtSFMizxcuvcbyDBDLWrAlDbRGP9dm3TT7T3n3I8ILbWWawnp9czTW5zUQQRc5jEsLU0hszgJELstIt1TWQHfsFyrpFrmKUe5KnKjTV4qp8d5c3cHI7bxXw_so2dWiqDzuj-SRYe-H8g75QfrOm2ANSQkw16BIQ2uT8RgKbIFI74_D8w_Gg:1nAgTO:ubLm_M6jdoXNhfj4o2qqhScrTV_pzy2WnnT1PbqtayE",
        "expire_date": "2022-02-03T23:04:06.868Z"
    }
}, {
    "model": "sessions.session",
    "pk": "lokjjofdbo0cq03rtuujbc73p1xg85qv",
    "fields": {
        "session_data": ".eJxVjEEOwiAQRe_C2hAKtJQu3XsGMsNMLWrAlDbRGO-uTbrQ7X_vv5cIsC5TWCvPIZEYhBWH3w0hXjlvgC6Qz0XGkpc5odwUudMqT4X4dtzdv8AEdfq-jSL2ZCNrot71rQXQhMph46PXzpiuQTVGAzhqHMG6VjWd08ym9R612qKVa00lB37c0_wUg3p_AJ_vPzU:1nRqyY:mcPA4AUYQnNfp7JyGIBsYDu6tMW7jlB4KLjGZkzJQ0A",
        "expire_date": "2022-03-23T07:43:14.780Z"
    }
}, {
    "model": "sessions.session",
    "pk": "o9qvy525h37blelglgwce37rk09mtyco",
    "fields": {
        "session_data": "e30:1nKIVL:d0TWLRF0PmN3-xw_tmu86lUCy9gFdIdgNpt_8-aBt8M",
        "expire_date": "2022-03-02T11:29:51.456Z"
    }
}, {
    "model": "sessions.session",
    "pk": "q0axk3gi6tcfqn4tt63lgn8qwcl6ey7y",
    "fields": {
        "session_data": ".eJxVjEEOwiAQRe_C2hAsnQBduvcMZJgBixowpU00xrsbki50-9_77y08buvstxYXn1lMQovD7xaQbrF0wFcslyqplnXJQXZF7rTJc-V4P-3uX2DGNve3DckYe4yKlA1OE6NTARxbw24crLIQEigNGME4GIweElFiQgSyaHq0xdZyLT4-H3l5iUl9vpnZP4c:1nOgVM:qWzKu9Lv4LG-eTzYLArBvOgrzS6ZeEDmANKcXrV1BBc",
        "expire_date": "2022-03-14T13:56:00.242Z"
    }
}, {
    "model": "sessions.session",
    "pk": "qqsrwhqhedk6nw6irnac1x1jskc4371f",
    "fields": {
        "session_data": ".eJxljMEOwiAQBf-FsyHYSoAevfsNZFkWiyIYaI3G-O-mpjExXmfmvScDxDLnyd6oxhDJW7pATGzIc0qbr50bVTawnm2YhXkaP8BG_88c4JnyIvwJ8rFwLHmq0fEl4att_FA8pf3a_hyM0MZlrV1QSm9JoNDO9OjBCCeN18qbXaeFli5I0UsgqYzsVN8FxOARQKIGtZw2ai2WbOl-jfXBBvF6A42CURk:1nL682:D94e3VP2jTxH88abcmFca6Q_uM06p_n5IhOxHcfYPtI",
        "expire_date": "2022-03-04T16:29:06.524Z"
    }
}, {
    "model": "sessions.session",
    "pk": "rt737m0uae119r2mw4jlwvalg7tp8fqh",
    "fields": {
        "session_data": "e30:1nKIa9:dLb1bHsJVdIDtGUYBECegvpw1-64jb3CHIlCno1aEFQ",
        "expire_date": "2022-03-02T11:34:49.194Z"
    }
}, {
    "model": "sessions.session",
    "pk": "s99tsbyq59yxes9y7wz862c2q7iszsqd",
    "fields": {
        "session_data": "e30:1nKLQd:WuqwfJ0tzyQB-X1ikx4Nvha24XA0DrGF1HxuMCXjvw8",
        "expire_date": "2022-03-02T14:37:11.245Z"
    }
}, {
    "model": "sessions.session",
    "pk": "wg2qul0sxjn0tsaeie3b84zpksel1hbh",
    "fields": {
        "session_data": ".eJxVjMEKwjAQRP8lZwlpyLa2R-9-Q9jNbmxUEmlaUMR_t4Ue9DKHmTfvrTwu8-iXKpNPrAZl1eG3Iww3ydvAV8yXokPJ85RIb4je16rPheV-2tk_wYh1XN9tjCyOIzKYjkjWRBsNOrTogLi31vXQ9g3gMQA0FDsTgiEwZMVws0mr1JpK9vJ8pOmlBvP5Ar_MP7A:1nQdIq:MoGG934e8dJoOEXUr2pg25TSRszNX6CSzvyY6bs9zcM",
        "expire_date": "2022-03-19T22:55:08.232Z"
    }
}, {
    "model": "sessions.session",
    "pk": "y59dgyrsyv30d5y19c2br3q4tglnzb3d",
    "fields": {
        "session_data": "e30:1nL2eR:D5IKByddY4owQUw8ikQ6DZYW5eJBoXqg7htcbfAqZVk",
        "expire_date": "2022-03-04T12:46:19.877Z"
    }
}, {
    "model": "sessions.session",
    "pk": "zvl4pn4osk509eervbddlu0y5boijqgb",
    "fields": {
        "session_data": "e30:1nKIcf:Bpw4J5NjOTwLv-dFPAv4eaKNnV3pITsPGtBJ3YffqnA",
        "expire_date": "2022-03-02T11:37:25.356Z"
    }
}, {
    "model": "sessions.session",
    "pk": "zy3f7niq71hbguku94kf5bjv7xl3uqwv",
    "fields": {
        "session_data": ".eJxVjMEOwiAQBf-Fc0Mo0FJ69O43kIXdWtSAgdZojP-uTXrQ65t582IO1mV2a6XiIrKRadb8bh7ChdIG8AzplHnIaSnR803hO638mJGuh939C8xQ5-9bCSSLOpBEHMzQaQCJXhjf2mClUapvvZiCAj9JP4E2nWh7I4lUZ62XYotWqjXm5Ohxi-XJRtGwCndyMU2ZjUtZ6f0BBRBFWQ:1nR0Fo:p08Twp78pdlwJK1fRKExMLZfbf4MmZoVPN5WhC9_3-g",
        "expire_date": "2022-03-20T23:25:32.078Z"
    }
}, {
    "model": "sites.site",
    "pk": 1,
    "fields": {
        "domain": "whitewhalefundraising.example.com",
        "name": "White Whale Fundraising"
    }
}, {
    "model": "account.emailaddress",
    "pk": 2,
    "fields": {
        "user": 3,
        "email": "test@test.com",
        "verified": true,
        "primary": true
    }
}, {
    "model": "account.emailaddress",
    "pk": 3,
    "fields": {
        "user": 2,
        "email": "jdvtanner@gmail.com",
        "verified": true,
        "primary": true
    }
}, {
    "model": "account.emailaddress",
    "pk": 4,
    "fields": {
        "user": 4,
        "email": "no@nope.no",
        "verified": true,
        "primary": true
    }
}, {
    "model": "profiles.userprofile",
    "pk": 7,
    "fields": {
        "user": 2,
        "default_title": "Mr",
        "default_first_name": "Jimmy",
        "default_last_name": "Vintin",
        "default_email": "notmyemail@nowhere.yes",
        "default_phone_number": "123456789",
        "default_street_address1": "12 jdvtest avenue",
        "default_street_address2": null,
        "default_town_or_city": "jdvtestopia",
        "default_county": "jdvtestland",
        "default_postcode": "ab13 9bq",
        "default_country": "GB"
    }
}, {
    "model": "profiles.userprofile",
    "pk": 8,
    "fields": {
        "user": 3,
        "default_title": "Mr",
        "default_first_name": "Testy",
        "default_last_name": "Test",
        "default_email": "test@aol.com",
        "default_phone_number": "109875",
        "default_street_address1": "11 testy road",
        "default_street_address2": "noper",
        "default_town_or_city": "Testograd",
        "default_county": "Testshire",
        "default_postcode": "gh45 9kj",
        "default_country": "BB"
    }
}, {
    "model": "profiles.userprofile",
    "pk": 9,
    "fields": {
        "user": 4,
        "default_title": "Count",
        "default_first_name": "Vlad",
        "default_last_name": "Tepes",
        "default_email": "impaler@mydomain.com",
        "default_phone_number": "1234567890",
        "default_street_address1": "1 Stake Row",
        "default_street_address2": null,
        "default_town_or_city": "Stakeville",
        "default_county": "Devonshire",
        "default_postcode": "Gl56 9JZ",
        "default_country": "RO"
    }
}, {
    "model": "donations.donation",
    "pk": 12,
    "fields": {
        "donation_number": "C8151FD66C8E40DAA1A481E68B7AD33F",
        "user_profile": null,
        "title": "Sir",
        "first_name": "Nopedy",
        "last_name": "Nope",
        "email": "no@nope.no",
        "phone_number": "1234567",
        "country": "EE",
        "postcode": "R34 9LL",
        "town_or_city": "Nopeville",
        "street_address1": "1 Address Street",
        "street_address2": "2 Address Street",
        "county": "Devonshire",
        "date": "2022-03-06T17:46:13.110Z",
        "gift_aid": true,
        "donation_total": "15.00"
    }
}, {
    "model": "donations.donation",
    "pk": 13,
    "fields": {
        "donation_number": "5DEA5D7E1256452A8597FD703C0336B2",
        "user_profile": null,
        "title": "Sir",
        "first_name": "Nopedy",
        "last_name": "Nope",
        "email": "no@nope.no",
        "phone_number": "12345678",
        "country": "DE",
        "postcode": "R43 6fg",
        "town_or_city": "Nopeville",
        "street_address1": "1 Address Street",
        "street_address2": null,
        "county": "Devonshire",
        "date": "2022-03-06T18:01:08.648Z",
        "gift_aid": true,
        "donation_total": "5.00"
    }
}, {
    "model": "donations.donation",
    "pk": 14,
    "fields": {
        "donation_number": "7746B7EA55994C81B3255499A91B4034",
        "user_profile": null,
        "title": "Sir",
        "first_name": "Nosir",
        "last_name": "Nosir",
        "email": "no@nope.no",
        "phone_number": "12345678",
        "country": "DJ",
        "postcode": "R34 9LL",
        "town_or_city": "Nopeville",
        "street_address1": "1 Address Street",
        "street_address2": null,
        "county": "fsdfds",
        "date": "2022-03-06T18:15:59.227Z",
        "gift_aid": true,
        "donation_total": "5.00"
    }
}, {
    "model": "donations.donation",
    "pk": 15,
    "fields": {
        "donation_number": "5EA628EA71F548DB8B933AB3EC6F6D6F",
        "user_profile": null,
        "title": "Sir",
        "first_name": "Nosir",
        "last_name": "Nosir",
        "email": "no@nope.no",
        "phone_number": "12345678",
        "country": "CZ",
        "postcode": "R34 9LL",
        "town_or_city": "Nopeville",
        "street_address1": "1 Address Street",
        "street_address2": "Address Estate",
        "county": "Devonshire",
        "date": "2022-03-06T21:34:19.084Z",
        "gift_aid": true,
        "donation_total": "5.00"
    }
}, {
    "model": "donations.donation",
    "pk": 16,
    "fields": {
        "donation_number": "B52ECB017F66413980CA6C1FF08CC6D2",
        "user_profile": null,
        "title": "Sir",
        "first_name": "Nosir",
        "last_name": "Nosir",
        "email": "no@nope.no",
        "phone_number": "12345678",
        "country": "FR",
        "postcode": "R34 9LL",
        "town_or_city": "Nopeville",
        "street_address1": "1 Address Street",
        "street_address2": null,
        "county": "Devonshire",
        "date": "2022-03-06T21:45:15.750Z",
        "gift_aid": true,
        "donation_total": "5.00"
    }
}, {
    "model": "donations.donation",
    "pk": 17,
    "fields": {
        "donation_number": "9726CDA86AC441F9972B86EEA1125D67",
        "user_profile": null,
        "title": "Sir",
        "first_name": "Nosir",
        "last_name": "Nosir",
        "email": "no@nope.no",
        "phone_number": "12345678",
        "country": "FR",
        "postcode": "R34 9LL",
        "town_or_city": "Nopeville",
        "street_address1": "1 Address Street",
        "street_address2": null,
        "county": "Devonshire",
        "date": "2022-03-06T21:46:15.548Z",
        "gift_aid": true,
        "donation_total": "5.00"
    }
}, {
    "model": "donations.donation",
    "pk": 18,
    "fields": {
        "donation_number": "6504310534674835AC3FCA817A865B95",
        "user_profile": null,
        "title": "Sir",
        "first_name": "Nosir",
        "last_name": "Nosir",
        "email": "no@nope.no",
        "phone_number": "12345678",
        "country": "FR",
        "postcode": "R34 9LL",
        "town_or_city": "Nopeville",
        "street_address1": "1 Address Street",
        "street_address2": null,
        "county": "Devonshire",
        "date": "2022-03-06T21:52:47.871Z",
        "gift_aid": true,
        "donation_total": "5.00"
    }
}, {
    "model": "donations.donation",
    "pk": 19,
    "fields": {
        "donation_number": "D0F60C13D6F04BC589E85B249DBB50AC",
        "user_profile": null,
        "title": "Sir",
        "first_name": "Nosir",
        "last_name": "Nosir",
        "email": "no@nope.no",
        "phone_number": "12345678",
        "country": "FR",
        "postcode": "R34 9LL",
        "town_or_city": "Nopeville",
        "street_address1": "1 Address Street",
        "street_address2": null,
        "county": "Devonshire",
        "date": "2022-03-06T21:53:35.261Z",
        "gift_aid": true,
        "donation_total": "5.00"
    }
}, {
    "model": "donations.donation",
    "pk": 20,
    "fields": {
        "donation_number": "1AA71196E36D4140A08222DBE4ED34F4",
        "user_profile": null,
        "title": "Sir",
        "first_name": "Nosir",
        "last_name": "Nosir",
        "email": "no@nope.no",
        "phone_number": "12345678",
        "country": "FR",
        "postcode": "R34 9LL",
        "town_or_city": "Nopeville",
        "street_address1": "1 Address Street",
        "street_address2": null,
        "county": "Devonshire",
        "date": "2022-03-06T21:55:31.775Z",
        "gift_aid": true,
        "donation_total": "5.00"
    }
}, {
    "model": "donations.donation",
    "pk": 21,
    "fields": {
        "donation_number": "ACCD7FED0A374297AD72CAD5FCAE0B4C",
        "user_profile": null,
        "title": "Sir",
        "first_name": "Nosir",
        "last_name": "Nosir",
        "email": "no@nope.no",
        "phone_number": "12345678",
        "country": "FR",
        "postcode": "R34 9LL",
        "town_or_city": "Nopeville",
        "street_address1": "1 Address Street",
        "street_address2": null,
        "county": "Devonshire",
        "date": "2022-03-06T22:21:04.669Z",
        "gift_aid": true,
        "donation_total": "5.00"
    }
}, {
    "model": "donations.donation",
    "pk": 22,
    "fields": {
        "donation_number": "E03664E68B1D487B8138F5511D19B44B",
        "user_profile": 9,
        "title": "Sir",
        "first_name": "Nosir",
        "last_name": "Nosir",
        "email": "no@nope.no",
        "phone_number": "12345678",
        "country": "FR",
        "postcode": "R34 9LL",
        "town_or_city": "Nopeville",
        "street_address1": "1 Address Street",
        "street_address2": null,
        "county": "Devonshire",
        "date": "2022-03-06T22:22:13.796Z",
        "gift_aid": true,
        "donation_total": "5.00"
    }
}, {
    "model": "donations.donation",
    "pk": 23,
    "fields": {
        "donation_number": "5773ED7F59374412AC8BDD8961B26FBC",
        "user_profile": 9,
        "title": "Sir",
        "first_name": "Nopedy",
        "last_name": "Nope",
        "email": "no@nope.no",
        "phone_number": "12345678",
        "country": "FR",
        "postcode": "R34 9LL",
        "town_or_city": "Nopeville",
        "street_address1": "1 Address Street",
        "street_address2": null,
        "county": "Devonshire",
        "date": "2022-03-06T22:32:27.537Z",
        "gift_aid": true,
        "donation_total": "5.00"
    }
}, {
    "model": "donations.donation",
    "pk": 24,
    "fields": {
        "donation_number": "4CEFD34E012246AEB1AED71600498C9F",
        "user_profile": 9,
        "title": "Sir",
        "first_name": "Nopedy",
        "last_name": "Nope",
        "email": "nbope@no.com",
        "phone_number": "12345678",
        "country": "FR",
        "postcode": "R34 9LL",
        "town_or_city": "Nopeville",
        "street_address1": "1 Address Street",
        "street_address2": null,
        "county": "Devonshire",
        "date": "2022-03-06T22:44:10.311Z",
        "gift_aid": true,
        "donation_total": "5.00"
    }
}, {
    "model": "donations.donation",
    "pk": 25,
    "fields": {
        "donation_number": "C02044007EA646CF96C870AECFE99BB7",
        "user_profile": 9,
        "title": "Sir",
        "first_name": "Nopedy",
        "last_name": "Nope",
        "email": "no@aol.com",
        "phone_number": "12345678",
        "country": "FR",
        "postcode": "R34 9LL",
        "town_or_city": "Nopeville",
        "street_address1": "1 Address Street",
        "street_address2": null,
        "county": "Devonshire",
        "date": "2022-03-06T22:50:53.698Z",
        "gift_aid": true,
        "donation_total": "5.00"
    }
}, {
    "model": "donations.donation",
    "pk": 26,
    "fields": {
        "donation_number": "6B481F82791F44D1985DD7BAD75EE261",
        "user_profile": 9,
        "title": "Count",
        "first_name": "Vlad",
        "last_name": "Tepes",
        "email": "impaler@mydomain.com",
        "phone_number": "1234567890",
        "country": "RO",
        "postcode": "Gl56 9JZ",
        "town_or_city": "Stakeville",
        "street_address1": "1 Stake Row",
        "street_address2": null,
        "county": "Devonshire",
        "date": "2022-03-06T23:25:32.072Z",
        "gift_aid": false,
        "donation_total": "5.00"
    }
}, {
    "model": "donations.donation",
    "pk": 27,
    "fields": {
        "donation_number": "510B6D35055E4D258FD4865B9B7947FF",
        "user_profile": 7,
        "title": "Mr",
        "first_name": "Jimmy",
        "last_name": "Vintin",
        "email": "jdvtanner@gmail.com",
        "phone_number": "123456789",
        "country": "GB",
        "postcode": "ab13 9bq",
        "town_or_city": "jdvtestopia",
        "street_address1": "12 jdvtest avenue",
        "street_address2": null,
        "county": "jdvtestland",
        "date": "2022-03-09T15:23:55.463Z",
        "gift_aid": true,
        "donation_total": "10.00"
    }
}, {
    "model": "donations.donation",
    "pk": 28,
    "fields": {
        "donation_number": "2EF73717F85240B38301FCD0D217B037",
        "user_profile": 7,
        "title": "Mr",
        "first_name": "Jimmy",
        "last_name": "Vintin",
        "email": "jdvtanner@gmail.com",
        "phone_number": "123456789",
        "country": "GB",
        "postcode": "ab13 9bq",
        "town_or_city": "jdvtestopia",
        "street_address1": "12 jdvtest avenue",
        "street_address2": null,
        "county": "jdvtestland",
        "date": "2022-03-09T17:08:15.803Z",
        "gift_aid": false,
        "donation_total": "30.00"
    }
}, {
    "model": "donations.donation",
    "pk": 29,
    "fields": {
        "donation_number": "7926BC78B334438C8661CF1A1B35E465",
        "user_profile": null,
        "title": "Mr",
        "first_name": "Jimmy",
        "last_name": "Vintin",
        "email": "jdvtanner@gmail.com",
        "phone_number": "123456789",
        "country": "GB",
        "postcode": "ab13 9bq",
        "town_or_city": "jdvtestopia",
        "street_address1": "12 jdvtest avenue",
        "street_address2": null,
        "county": "jdvtestland",
        "date": "2022-03-11T18:37:02.221Z",
        "gift_aid": true,
        "donation_total": "10.00"
    }
}, {
    "model": "donations.donation",
    "pk": 30,
    "fields": {
        "donation_number": "3EB73462E40141019716513255AB4599",
        "user_profile": null,
        "title": "Mr",
        "first_name": "Jimmy",
        "last_name": "Vintin",
        "email": "jdvtanner@gmail.com",
        "phone_number": "123456789",
        "country": "GB",
        "postcode": "ab13 9bq",
        "town_or_city": "jdvtestopia",
        "street_address1": "12 jdvtest avenue",
        "street_address2": null,
        "county": "jdvtestland",
        "date": "2022-03-11T18:38:14.460Z",
        "gift_aid": true,
        "donation_total": "10.00"
    }
}, {
    "model": "donations.donation",
    "pk": 31,
    "fields": {
        "donation_number": "59CD8EB1AF9F4C22A7942404DE91666B",
        "user_profile": null,
        "title": "Mr",
        "first_name": "Jimmy",
        "last_name": "Vintin",
        "email": "jdvtanner@gmail.com",
        "phone_number": "123456789",
        "country": "GB",
        "postcode": "ab13 9bq",
        "town_or_city": "jdvtestopia",
        "street_address1": "12 jdvtest avenue",
        "street_address2": null,
        "county": "jdvtestland",
        "date": "2022-03-11T18:39:07.588Z",
        "gift_aid": true,
        "donation_total": "10.00"
    }
}, {
    "model": "donations.donation",
    "pk": 32,
    "fields": {
        "donation_number": "FD3D873C9D8A47FEB8C7C9F1AB6CC9ED",
        "user_profile": null,
        "title": "Mr",
        "first_name": "Jimmy",
        "last_name": "Vintin",
        "email": "jdvtanner@gmail.com",
        "phone_number": "123456789",
        "country": "GB",
        "postcode": "ab13 9bq",
        "town_or_city": "jdvtestopia",
        "street_address1": "12 jdvtest avenue",
        "street_address2": null,
        "county": "jdvtestland",
        "date": "2022-03-11T18:40:59.963Z",
        "gift_aid": true,
        "donation_total": "10.00"
    }
}, {
    "model": "donations.donation",
    "pk": 33,
    "fields": {
        "donation_number": "E06F78B7D92E4C9690C0CCF841A90C4E",
        "user_profile": null,
        "title": "Mr",
        "first_name": "Jimmy",
        "last_name": "Vintin",
        "email": "jdvtanner@gmail.com",
        "phone_number": "123456789",
        "country": "GB",
        "postcode": "ab13 9bq",
        "town_or_city": "jdvtestopia",
        "street_address1": "12 jdvtest avenue",
        "street_address2": null,
        "county": "jdvtestland",
        "date": "2022-03-11T18:41:52.177Z",
        "gift_aid": true,
        "donation_total": "10.00"
    }
}, {
    "model": "donations.donation",
    "pk": 34,
    "fields": {
        "donation_number": "EA05B854A6E74BD49B9AB6D0DE83EC82",
        "user_profile": null,
        "title": "Mr",
        "first_name": "Jimmy",
        "last_name": "Vintin",
        "email": "jdvtanner@gmail.com",
        "phone_number": "123456789",
        "country": "GB",
        "postcode": "ab13 9bq",
        "town_or_city": "jdvtestopia",
        "street_address1": "12 jdvtest avenue",
        "street_address2": null,
        "county": "jdvtestland",
        "date": "2022-03-11T18:43:02.512Z",
        "gift_aid": true,
        "donation_total": "10.00"
    }
}, {
    "model": "donations.donation",
    "pk": 35,
    "fields": {
        "donation_number": "8D059FCE31AB4579BD53D86FE8814D1F",
        "user_profile": null,
        "title": "Mr",
        "first_name": "Jimmy",
        "last_name": "Vintin",
        "email": "jdvtanner@gmail.com",
        "phone_number": "123456789",
        "country": "GB",
        "postcode": "ab13 9bq",
        "town_or_city": "jdvtestopia",
        "street_address1": "12 jdvtest avenue",
        "street_address2": null,
        "county": "jdvtestland",
        "date": "2022-03-11T18:43:28.071Z",
        "gift_aid": true,
        "donation_total": "10.00"
    }
}, {
    "model": "donations.donation",
    "pk": 36,
    "fields": {
        "donation_number": "CC7D9442BBF74D48A12F36EBEB5810D4",
        "user_profile": null,
        "title": "Mr",
        "first_name": "Jimmy",
        "last_name": "Vintin",
        "email": "jdvtanner@gmail.com",
        "phone_number": "123456789",
        "country": "GB",
        "postcode": "ab13 9bq",
        "town_or_city": "jdvtestopia",
        "street_address1": "12 jdvtest avenue",
        "street_address2": null,
        "county": "jdvtestland",
        "date": "2022-03-11T18:47:06.561Z",
        "gift_aid": true,
        "donation_total": "10.00"
    }
}, {
    "model": "donations.donation",
    "pk": 37,
    "fields": {
        "donation_number": "8603614FBF2841059C27165EC96981C0",
        "user_profile": null,
        "title": "Mr",
        "first_name": "Jimmy",
        "last_name": "Vintin",
        "email": "jdvtanner@gmail.com",
        "phone_number": "123456789",
        "country": "GB",
        "postcode": "ab13 9bq",
        "town_or_city": "jdvtestopia",
        "street_address1": "12 jdvtest avenue",
        "street_address2": null,
        "county": "jdvtestland",
        "date": "2022-03-11T18:48:19.870Z",
        "gift_aid": true,
        "donation_total": "10.00"
    }
}, {
    "model": "donations.donation",
    "pk": 38,
    "fields": {
        "donation_number": "E6E285D1D55C4CD49F4A4DD22CE33DED",
        "user_profile": null,
        "title": "Mr",
        "first_name": "Jimmy",
        "last_name": "Vintin",
        "email": "jdvtanner@gmail.com",
        "phone_number": "123456789",
        "country": "GB",
        "postcode": "ab13 9bq",
        "town_or_city": "jdvtestopia",
        "street_address1": "12 jdvtest avenue",
        "street_address2": null,
        "county": "jdvtestland",
        "date": "2022-03-11T18:49:37.798Z",
        "gift_aid": true,
        "donation_total": "10.00"
    }
}, {
    "model": "donations.donation",
    "pk": 39,
    "fields": {
        "donation_number": "4820E6F7CFDD455F9FD3CB92057D6C45",
        "user_profile": null,
        "title": "Mr",
        "first_name": "Jimmy",
        "last_name": "Vintin",
        "email": "jdvtanner@gmail.com",
        "phone_number": "123456789",
        "country": "GB",
        "postcode": "ab13 9bq",
        "town_or_city": "jdvtestopia",
        "street_address1": "12 jdvtest avenue",
        "street_address2": null,
        "county": "jdvtestland",
        "date": "2022-03-11T18:50:02.669Z",
        "gift_aid": true,
        "donation_total": "10.00"
    }
}, {
    "model": "donations.donation",
    "pk": 40,
    "fields": {
        "donation_number": "E3FAD3E45A8A4E49B6AF0CF8926F9AB4",
        "user_profile": null,
        "title": "Mr",
        "first_name": "Jimmy",
        "last_name": "Vintin",
        "email": "jdvtanner@gmail.com",
        "phone_number": "123456789",
        "country": "GB",
        "postcode": "ab13 9bq",
        "town_or_city": "jdvtestopia",
        "street_address1": "12 jdvtest avenue",
        "street_address2": null,
        "county": "jdvtestland",
        "date": "2022-03-11T18:50:55.253Z",
        "gift_aid": true,
        "donation_total": "10.00"
    }
}, {
    "model": "donations.donation",
    "pk": 41,
    "fields": {
        "donation_number": "9F8092D1B41941528BE90A0DE7B8BC10",
        "user_profile": null,
        "title": "Mr",
        "first_name": "Jimmy",
        "last_name": "Vintin",
        "email": "jdvtanner@gmail.com",
        "phone_number": "123456789",
        "country": "GB",
        "postcode": "ab13 9bq",
        "town_or_city": "jdvtestopia",
        "street_address1": "12 jdvtest avenue",
        "street_address2": null,
        "county": "jdvtestland",
        "date": "2022-03-11T18:55:03.284Z",
        "gift_aid": true,
        "donation_total": "10.00"
    }
}, {
    "model": "donations.donation",
    "pk": 42,
    "fields": {
        "donation_number": "FAAF5611E29742B6A89B3E9BC23D0E8C",
        "user_profile": null,
        "title": "Mr",
        "first_name": "Jimmy",
        "last_name": "Vintin",
        "email": "jdvtanner@gmail.com",
        "phone_number": "123456789",
        "country": "GB",
        "postcode": "ab13 9bq",
        "town_or_city": "jdvtestopia",
        "street_address1": "12 jdvtest avenue",
        "street_address2": null,
        "county": "jdvtestland",
        "date": "2022-03-11T18:57:03.636Z",
        "gift_aid": true,
        "donation_total": "10.00"
    }
}, {
    "model": "donations.donation",
    "pk": 43,
    "fields": {
        "donation_number": "8576D4DC99364086BE68C6A32B5EA41C",
        "user_profile": null,
        "title": "Mr",
        "first_name": "Jimmy",
        "last_name": "Vintin",
        "email": "jdvtanner@gmail.com",
        "phone_number": "123456789",
        "country": "GB",
        "postcode": "ab13 9bq",
        "town_or_city": "jdvtestopia",
        "street_address1": "12 jdvtest avenue",
        "street_address2": null,
        "county": "jdvtestland",
        "date": "2022-03-11T18:59:29.217Z",
        "gift_aid": true,
        "donation_total": "10.00"
    }
}, {
    "model": "donations.donation",
    "pk": 44,
    "fields": {
        "donation_number": "2CAB57D3858D4C97B41B714E1D206873",
        "user_profile": 7,
        "title": "Mr",
        "first_name": "Jimmy",
        "last_name": "Vintin",
        "email": "jdvtanner@gmail.com",
        "phone_number": "123456789",
        "country": "GB",
        "postcode": "ab13 9bq",
        "town_or_city": "jdvtestopia",
        "street_address1": "12 jdvtest avenue",
        "street_address2": null,
        "county": "jdvtestland",
        "date": "2022-03-11T19:00:11.874Z",
        "gift_aid": true,
        "donation_total": "10.00"
    }
}, {
    "model": "donations.donation",
    "pk": 45,
    "fields": {
        "donation_number": "7806823C929144D8ADFA13F5687819B2",
        "user_profile": null,
        "title": "Sir",
        "first_name": "Jeremy",
        "last_name": "Archibald",
        "email": "no@aol.com",
        "phone_number": "1234",
        "country": "AG",
        "postcode": "R43 6fg",
        "town_or_city": "Nopeville",
        "street_address1": "1 yemen road",
        "street_address2": null,
        "county": "Yemen",
        "date": "2022-03-11T20:39:57.631Z",
        "gift_aid": true,
        "donation_total": "15.00"
    }
}, {
    "model": "donations.donation",
    "pk": 46,
    "fields": {
        "donation_number": "D4CE2E0F265A4423AD552D1C7844C6D7",
        "user_profile": null,
        "title": "Sir",
        "first_name": "Vicky",
        "last_name": "Sponge",
        "email": "cake@cake.cake",
        "phone_number": "1234",
        "country": "DM",
        "postcode": "g54 6gh",
        "town_or_city": "Caketown",
        "street_address1": "11 Cake Street",
        "street_address2": "Tier 2",
        "county": "Cakeshire",
        "date": "2022-03-12T07:46:47.974Z",
        "gift_aid": true,
        "donation_total": "20.00"
    }
}, {
    "model": "donations.donation",
    "pk": 47,
    "fields": {
        "donation_number": "4A7F4B2B9C244C599C7C1A7FCAD3FF1F",
        "user_profile": 7,
        "title": "Mr",
        "first_name": "Jimmy",
        "last_name": "Vintin",
        "email": "jdvtanner@gmail.com",
        "phone_number": "123456789",
        "country": "GB",
        "postcode": "ab13 9bq",
        "town_or_city": "jdvtestopia",
        "street_address1": "12 jdvtest avenue",
        "street_address2": null,
        "county": "jdvtestland",
        "date": "2022-03-12T10:51:38.101Z",
        "gift_aid": true,
        "donation_total": "5.00"
    }
}, {
    "model": "donations.donation",
    "pk": 48,
    "fields": {
        "donation_number": "B3BE803EE81542CE9CFF38D0A49C5CB7",
        "user_profile": 7,
        "title": "Mr",
        "first_name": "Jimmy",
        "last_name": "Vintin",
        "email": "jdvtanner@gmail.com",
        "phone_number": "123456789",
        "country": "GB",
        "postcode": "ab13 9bq",
        "town_or_city": "jdvtestopia",
        "street_address1": "12 jdvtest avenue",
        "street_address2": null,
        "county": "jdvtestland",
        "date": "2022-03-12T10:52:58.361Z",
        "gift_aid": false,
        "donation_total": "5.00"
    }
}, {
    "model": "donations.donation",
    "pk": 49,
    "fields": {
        "donation_number": "6CBBD3E8A36A4782960002A74A2E032E",
        "user_profile": 7,
        "title": "Mr",
        "first_name": "Jimmy",
        "last_name": "Vintin",
        "email": "jdvtanner@gmail.com",
        "phone_number": "123456789",
        "country": "GB",
        "postcode": "ab13 9bq",
        "town_or_city": "jdvtestopia",
        "street_address1": "12 jdvtest avenue",
        "street_address2": null,
        "county": "jdvtestland",
        "date": "2022-03-12T10:54:12.891Z",
        "gift_aid": false,
        "donation_total": "15.00"
    }
}, {
    "model": "donations.donation",
    "pk": 50,
    "fields": {
        "donation_number": "20AEBB32DC1A430BB32B89F1D3E339AC",
        "user_profile": 7,
        "title": "Mr",
        "first_name": "Jimmy",
        "last_name": "Vintin",
        "email": "jdvtanner@gmail.com",
        "phone_number": "123456789",
        "country": "GB",
        "postcode": "ab13 9bq",
        "town_or_city": "jdvtestopia",
        "street_address1": "12 jdvtest avenue",
        "street_address2": null,
        "county": "jdvtestland",
        "date": "2022-03-12T11:07:16.199Z",
        "gift_aid": false,
        "donation_total": "5.00"
    }
}, {
    "model": "donations.donation",
    "pk": 51,
    "fields": {
        "donation_number": "5EA301EADCFB4C428AAA8284434B58EF",
        "user_profile": 7,
        "title": "Mr",
        "first_name": "Jimmy",
        "last_name": "Vintin",
        "email": "jdvtanner@gmail.com",
        "phone_number": "123456789",
        "country": "GB",
        "postcode": "ab13 9bq",
        "town_or_city": "jdvtestopia",
        "street_address1": "12 jdvtest avenue",
        "street_address2": null,
        "county": "jdvtestland",
        "date": "2022-03-12T11:13:13.647Z",
        "gift_aid": true,
        "donation_total": "5.00"
    }
}, {
    "model": "donations.donation",
    "pk": 52,
    "fields": {
        "donation_number": "2C5BDE2D365744F7BD2D2F934C1D4DAB",
        "user_profile": 7,
        "title": "Mr",
        "first_name": "Jimmy",
        "last_name": "Vintin",
        "email": "jdvtanner@gmail.com",
        "phone_number": "123456789",
        "country": "GB",
        "postcode": "ab13 9bq",
        "town_or_city": "jdvtestopia",
        "street_address1": "12 jdvtest avenue",
        "street_address2": null,
        "county": "jdvtestland",
        "date": "2022-03-12T11:28:31.316Z",
        "gift_aid": true,
        "donation_total": "20.00"
    }
}, {
    "model": "donations.donation",
    "pk": 53,
    "fields": {
        "donation_number": "077997C8B394478093FBE9FF29F49FE7",
        "user_profile": 7,
        "title": "Mr",
        "first_name": "Jimmy",
        "last_name": "Vintin",
        "email": "jdvtanner@gmail.com",
        "phone_number": "123456789",
        "country": "GB",
        "postcode": "ab13 9bq",
        "town_or_city": "jdvtestopia",
        "street_address1": "12 jdvtest avenue",
        "street_address2": null,
        "county": "jdvtestland",
        "date": "2022-03-12T11:30:39.910Z",
        "gift_aid": true,
        "donation_total": "30.00"
    }
}, {
    "model": "donations.donation",
    "pk": 54,
    "fields": {
        "donation_number": "40A9F78697014F3CA2C86D9F663F0CC3",
        "user_profile": 9,
        "title": "Count",
        "first_name": "Vlad",
        "last_name": "Tepes",
        "email": "impaler@mydomain.com",
        "phone_number": "1234567890",
        "country": "RO",
        "postcode": "Gl56 9JZ",
        "town_or_city": "Stakeville",
        "street_address1": "1 Stake Row",
        "street_address2": null,
        "county": "Devonshire",
        "date": "2022-03-14T14:03:19.666Z",
        "gift_aid": true,
        "donation_total": "10.00"
    }
}, {
    "model": "donations.donation",
    "pk": 55,
    "fields": {
        "donation_number": "ADB16CE6BA3740CA81FE3F9E3E1C8553",
        "user_profile": 7,
        "title": "Mr",
        "first_name": "Jimmy",
        "last_name": "Vintin",
        "email": "jdvtanner@gmail.com",
        "phone_number": "123456789",
        "country": "GB",
        "postcode": "ab13 9bq",
        "town_or_city": "jdvtestopia",
        "street_address1": "12 jdvtest avenue",
        "street_address2": null,
        "county": "jdvtestland",
        "date": "2022-03-14T16:11:27.236Z",
        "gift_aid": true,
        "donation_total": "5.00"
    }
}, {
    "model": "donations.donation",
    "pk": 56,
    "fields": {
        "donation_number": "3FDE377D1B7047F4BF45F6EE95E414CD",
        "user_profile": 7,
        "title": "Mr",
        "first_name": "Jimmy",
        "last_name": "Vintin",
        "email": "jdvtanner@gmail.com",
        "phone_number": "123456789",
        "country": "GB",
        "postcode": "ab13 9bq",
        "town_or_city": "jdvtestopia",
        "street_address1": "12 jdvtest avenue",
        "street_address2": null,
        "county": "jdvtestland",
        "date": "2022-03-15T00:30:42.063Z",
        "gift_aid": true,
        "donation_total": "15.00"
    }
}, {
    "model": "donations.donation",
    "pk": 57,
    "fields": {
        "donation_number": "7633E48BD4E84F3684A46A77BF7843BC",
        "user_profile": null,
        "title": "Sultan",
        "first_name": "Of",
        "last_name": "Swing",
        "email": "sultan@of.swing",
        "phone_number": "098765",
        "country": "AL",
        "postcode": "L99 9LL",
        "town_or_city": "Tirana",
        "street_address1": "1 Albania Road",
        "street_address2": null,
        "county": "South Albania",
        "date": "2022-03-15T10:49:00.242Z",
        "gift_aid": true,
        "donation_total": "30.00"
    }
}, {
    "model": "blog.post",
    "pk": 1,
    "fields": {
        "title": "testpost 1",
        "slug": "testpost-1",
        "updated_when": "2022-03-13T14:42:22.056Z",
        "intro": "Here's an intro",
        "body": "Here's the body",
        "creator": 2,
        "created_on": "2022-03-13T14:42:22.056Z"
    }
}, {
    "model": "blog.post",
    "pk": 3,
    "fields": {
        "title": "test blog from site",
        "slug": "jdvt29-test-blog-from-site",
        "updated_when": "2022-03-13T15:08:29.070Z",
        "intro": "This also is a test",
        "body": "Aren't all things a test, really?",
        "creator": 2,
        "created_on": "2022-03-13T15:08:29.070Z"
    }
}, {
    "model": "blog.post",
    "pk": 6,
    "fields": {
        "title": "Welcome to the world, White Whale Fundraising!",
        "slug": "jdvt29-welcome-to-the-world-white-whale-fundraising",
        "updated_when": "2022-03-13T21:45:56.498Z",
        "intro": "A huge hello from all the team at White Whale Fundraising - the future's bright!",
        "body": "We're a new team of friends, conservators, whale-watchers, marine life enthusiasts and all manner of oddballs who've come together to fundraise for aquatic-themed causes around the world, and we're delig",
        "creator": 2,
        "created_on": "2022-03-13T21:45:56.498Z"
    }
}, {
    "model": "blog.post",
    "pk": 7,
    "fields": {
        "title": "Test blog by non superuser",
        "slug": "nosir-test-blog-by-non-superuser",
        "updated_when": "2022-03-15T13:53:30.446Z",
        "intro": "Here's me intro lovelies",
        "body": "I love bloooooooooooooooooogs\r\n\r\nand I love editiiiiiiiiiiiiiiiing",
        "creator": 4,
        "created_on": "2022-03-15T13:53:30.446Z"
    }
}, {
    "model": "blog.comment",
    "pk": 3,
    "fields": {
        "post": 6,
        "comment_creator": 4,
        "body": "Really exciting - glad to be a part of it!",
        "created_when": "2022-03-13T21:47:48.181Z"
    }
}, {
    "model": "blog.comment",
    "pk": 4,
    "fields": {
        "post": 6,
        "comment_creator": 2,
        "body": "Addsing sometihng",
        "created_when": "2022-03-14T16:12:10.808Z"
    }
}, {
    "model": "blog.comment",
    "pk": 5,
    "fields": {
        "post": 6,
        "comment_creator": 2,
        "body": "Here's a comment!",
        "created_when": "2022-03-15T13:49:57.961Z"
    }
}, {
    "model": "blog.comment",
    "pk": 6,
    "fields": {
        "post": 7,
        "comment_creator": 4,
        "body": "And here's me comment!",
        "created_when": "2022-03-15T13:53:47.718Z"
    }
}]